Paper_ID,DOI,Journal,Year,Polymer_type,Polymer_MW_kDa,Solvent_system,Solvent_ratio,Fiber_diameter_nm_std,Solvent_density_gmL,c_star_wt_pct,Polymer_conc_wt,intrinsic_viscosity_dLg,c_over_cstar,Solvent_ST_mNm,Solvent_BP_C,Air_pressure_bar_std,Feed_rate_mLh_std,Working_distance_cm,log_diameter
Medeiros2009,10.1002/app.30275,J_Appl_Polym_Sci,2009,PMMA,120,chloroform,NR,1220.0,1.489,1.1967916950381234,10.0,0.5611600373295292,8.35567295583669,27.14,61.2,2.76,0.3,20.0,7.106606137727303
Medeiros2009,10.1002/app.30275,J_Appl_Polym_Sci,2009,PMMA,120,chloroform,NR,1770.0,1.489,1.1967916950381234,10.0,0.5611600373295292,8.35567295583669,27.14,61.2,2.76,0.6,20.0,7.478734825567875
Medeiros2009,10.1002/app.30275,J_Appl_Polym_Sci,2009,PMMA,120,chloroform,NR,2260.0,1.489,1.1967916950381234,10.0,0.5611600373295292,8.35567295583669,27.14,61.2,2.76,1.2,20.0,7.723120092266331
Medeiros2009,10.1002/app.30275,J_Appl_Polym_Sci,2009,PMMA,120,chloroform,NR,1390.0,1.489,1.1967916950381234,10.0,0.5611600373295292,8.35567295583669,27.14,61.2,2.76,2.4,20.0,7.237059026124737
Medeiros2009,10.1002/app.30275,J_Appl_Polym_Sci,2009,PMMA,120,chloroform,NR,1410.0,1.489,1.1967916950381234,10.0,0.5611600373295292,8.35567295583669,27.14,61.2,2.76,3.6,20.0,7.251344983372214
Medeiros2009,10.1002/app.30275,J_Appl_Polym_Sci,2009,PMMA,120,chloroform,NR,3460.0,1.489,1.1967916950381234,10.0,0.5611600373295292,8.35567295583669,27.14,61.2,2.76,1.2,20.0,8.14902386805177
Medeiros2009,10.1002/app.30275,J_Appl_Polym_Sci,2009,PMMA,120,chloroform,NR,2480.0,1.489,1.1967916950381234,10.0,0.5611600373295292,8.35567295583669,27.14,61.2,2.76,1.2,25.0,7.8160138391590275
Medeiros2009,10.1002/app.30275,J_Appl_Polym_Sci,2009,PMMA,120,chloroform,NR,2760.0,1.489,1.1967916950381234,10.0,0.5611600373295292,8.35567295583669,27.14,61.2,2.76,1.2,17.0,7.9229859587111955
Medeiros2009,10.1002/app.30275,J_Appl_Polym_Sci,2009,PMMA,120,chloroform,NR,2570.0,1.489,1.1967916950381234,10.0,0.5611600373295292,8.35567295583669,27.14,61.2,2.76,1.2,12.5,7.851661177889265
Medeiros2009,10.1002/app.30275,J_Appl_Polym_Sci,2009,PMMA,120,chloroform,NR,1570.0,1.489,1.1967916950381234,10.0,0.5611600373295292,8.35567295583669,27.14,61.2,2.76,1.2,7.2,7.358830898342354
Medeiros2009,10.1002/app.30275,J_Appl_Polym_Sci,2009,PMMA,120,chloroform,NR,840.0,1.489,1.1967916950381234,10.0,0.5611600373295292,8.35567295583669,27.14,61.2,5.17,1.2,20.0,6.733401891837359
Medeiros2009,10.1002/app.30275,J_Appl_Polym_Sci,2009,PMMA,120,chloroform,NR,1590.0,1.489,1.1967916950381234,10.0,0.5611600373295292,8.35567295583669,27.14,61.2,4.14,1.2,20.0,7.371489295214277
Medeiros2009,10.1002/app.30275,J_Appl_Polym_Sci,2009,PMMA,120,chloroform,NR,2010.0,1.489,1.1967916950381234,10.0,0.5611600373295292,8.35567295583669,27.14,61.2,1.38,1.2,20.0,7.605890001053122
Medeiros2009,10.1002/app.30275,J_Appl_Polym_Sci,2009,PLA,66,TFE,NR,170.0,1.393,0.39937907644839767,10.0,1.7974779653413822,25.03886805720545,21.08,74.0,2.76,1.2,20.0,5.135798437050262
Medeiros2009,10.1002/app.30275,J_Appl_Polym_Sci,2009,PS,190,toluene,NR,2310.0,0.867,2.0157881558801183,10.0,0.5721844004892431,4.960838752241738,28.52,110.6,2.76,1.2,20.0,7.745002803515839
Medeiros2009,10.1002/app.30275,J_Appl_Polym_Sci,2009,PMMA,120,chloroform,NR,870.0,1.489,1.1967916950381234,5.0,0.5611600373295292,4.177836477918345,27.14,61.2,2.76,1.2,20.0,6.76849321164863
Medeiros2009,10.1002/app.30275,J_Appl_Polym_Sci,2009,PMMA,120,chloroform,NR,3370.0,1.489,1.1967916950381234,10.0,0.5611600373295292,8.35567295583669,27.14,61.2,2.76,1.2,20.0,8.122668023346407
Medeiros2009,10.1002/app.30275,J_Appl_Polym_Sci,2009,PMMA,120,chloroform,NR,3040.0,1.489,1.1967916950381234,10.0,0.5611600373295292,8.35567295583669,27.14,61.2,2.76,1.2,20.0,8.019612794400267
Medeiros2009,10.1002/app.30275,J_Appl_Polym_Sci,2009,PMMA,120,chloroform,NR,2980.0,1.489,1.1967916950381234,10.0,0.5611600373295292,8.35567295583669,27.14,61.2,2.76,1.2,20.0,7.99967857949945
Medeiros2009,10.1002/app.30275,J_Appl_Polym_Sci,2009,PMMA,120,chloroform,NR,2430.0,1.489,1.1967916950381234,10.0,0.5611600373295292,8.35567295583669,27.14,61.2,2.76,1.2,20.0,7.795646536334594
Medeiros2009,10.1002/app.30275,J_Appl_Polym_Sci,2009,PMMA,120,chloroform,NR,1320.0,1.489,1.1967916950381234,10.0,0.5611600373295292,8.35567295583669,27.14,61.2,0.69,1.2,20.0,7.1853870155804165
Medeiros2009,10.1002/app.30275,J_Appl_Polym_Sci,2009,PMMA,120,chloroform,NR,1010.0,1.489,1.1967916950381234,10.0,0.5611600373295292,8.35567295583669,27.14,61.2,2.76,6.0,20.0,6.917705609835305
Medeiros2009,10.1002/app.30275,J_Appl_Polym_Sci,2009,PMMA,120,chloroform,NR,1520.0,1.489,1.1967916950381234,10.0,0.5611600373295292,8.35567295583669,27.14,61.2,2.76,4.8,20.0,7.326465613840322
Oliveira2011,10.1002/app.34410,J_Appl_Polym_Sci,2011,PDLLA,75,chloroform/acetone,3:1,288.0,1.31275,0.607615055865619,6.0,1.2536879352677186,9.874673022136188,26.22,59.925,4.0,4.8,12.0,5.662960480135946
Oliveira2011,10.1002/app.34410,J_Appl_Polym_Sci,2011,PDLLA,75,chloroform/acetone,3:1,289.0,1.31275,0.607615055865619,6.0,1.2536879352677186,9.874673022136188,26.22,59.925,4.0,7.2,12.0,5.666426688112432
Oliveira2011,10.1002/app.34410,J_Appl_Polym_Sci,2011,PDLLA,75,chloroform/acetone,3:1,222.0,1.31275,0.607615055865619,8.0,1.2536879352677186,13.166230696181582,26.22,59.925,2.0,1.2,12.0,5.402677381872279
Oliveira2011,10.1002/app.34410,J_Appl_Polym_Sci,2011,PDLLA,75,chloroform/acetone,3:1,405.0,1.31275,0.607615055865619,8.0,1.2536879352677186,13.166230696181582,26.22,59.925,3.0,4.8,12.0,6.003887067106539
Oliveira2011,10.1002/app.34410,J_Appl_Polym_Sci,2011,PDLLA,75,chloroform/acetone,3:1,378.0,1.31275,0.607615055865619,8.0,1.2536879352677186,13.166230696181582,26.22,59.925,4.0,7.2,12.0,5.934894195619588
Oliveira2011,10.1002/app.34410,J_Appl_Polym_Sci,2011,PDLLA,75,chloroform/acetone,3:1,334.0,1.31275,0.607615055865619,6.0,1.2536879352677186,9.874673022136188,26.22,59.925,3.0,4.8,12.0,5.811140992976701
Oliveira2011,10.1002/app.34410,J_Appl_Polym_Sci,2011,PDLLA,75,chloroform/acetone,3:1,398.0,1.31275,0.607615055865619,6.0,1.2536879352677186,9.874673022136188,26.22,59.925,3.0,7.2,12.0,5.986452005284438
Oliveira2011,10.1002/app.34410,J_Appl_Polym_Sci,2011,PDLLA,75,chloroform/acetone,3:1,340.0,1.31275,0.607615055865619,6.0,1.2536879352677186,9.874673022136188,26.22,59.925,4.0,1.2,12.0,5.828945617610208
Oliveira2011,10.1002/app.34410,J_Appl_Polym_Sci,2011,PDLLA,75,chloroform/acetone,3:1,609.0,1.31275,0.607615055865619,8.0,1.2536879352677186,13.166230696181582,26.22,59.925,2.0,4.8,12.0,6.411818267709897
Oliveira2011,10.1002/app.34410,J_Appl_Polym_Sci,2011,PDLLA,75,chloroform/acetone,3:1,288.0,1.31275,0.607615055865619,8.0,1.2536879352677186,13.166230696181582,26.22,59.925,2.0,7.2,12.0,5.662960480135946
Oliveira2011,10.1002/app.34410,J_Appl_Polym_Sci,2011,PDLLA,75,chloroform/acetone,3:1,322.0,1.31275,0.607615055865619,8.0,1.2536879352677186,13.166230696181582,26.22,59.925,3.0,1.2,12.0,5.7745515455444085
Oliveira2011,10.1002/app.34410,J_Appl_Polym_Sci,2011,PDLLA,75,chloroform/acetone,3:1,184.0,1.31275,0.607615055865619,4.0,1.2536879352677186,6.583115348090791,26.22,59.925,2.0,1.2,12.0,5.214935757608986
Oliveira2011,10.1002/app.34410,J_Appl_Polym_Sci,2011,PDLLA,75,chloroform/acetone,3:1,183.0,1.31275,0.607615055865619,4.0,1.2536879352677186,6.583115348090791,26.22,59.925,2.0,4.8,12.0,5.209486152841421
Oliveira2011,10.1002/app.34410,J_Appl_Polym_Sci,2011,PDLLA,75,chloroform/acetone,3:1,125.0,1.31275,0.607615055865619,4.0,1.2536879352677186,6.583115348090791,26.22,59.925,2.0,7.2,12.0,4.8283137373023015
Oliveira2011,10.1002/app.34410,J_Appl_Polym_Sci,2011,PDLLA,75,chloroform/acetone,3:1,145.0,1.31275,0.607615055865619,4.0,1.2536879352677186,6.583115348090791,26.22,59.925,3.0,1.2,12.0,4.976733742420574
Oliveira2011,10.1002/app.34410,J_Appl_Polym_Sci,2011,PDLLA,75,chloroform/acetone,3:1,180.0,1.31275,0.607615055865619,4.0,1.2536879352677186,6.583115348090791,26.22,59.925,3.0,4.8,12.0,5.19295685089021
Oliveira2011,10.1002/app.34410,J_Appl_Polym_Sci,2011,PDLLA,75,chloroform/acetone,3:1,306.0,1.31275,0.607615055865619,8.0,1.2536879352677186,13.166230696181582,26.22,59.925,3.0,7.2,12.0,5.723585101952381
Oliveira2011,10.1002/app.34410,J_Appl_Polym_Sci,2011,PDLLA,75,chloroform/acetone,3:1,332.0,1.31275,0.607615055865619,8.0,1.2536879352677186,13.166230696181582,26.22,59.925,4.0,1.2,12.0,5.805134968916488
Oliveira2011,10.1002/app.34410,J_Appl_Polym_Sci,2011,PDLLA,75,chloroform/acetone,3:1,274.0,1.31275,0.607615055865619,8.0,1.2536879352677186,13.166230696181582,26.22,59.925,4.0,4.8,12.0,5.613128106388071
Oliveira2011,10.1002/app.34410,J_Appl_Polym_Sci,2011,PDLLA,75,chloroform/acetone,3:1,164.0,1.31275,0.607615055865619,4.0,1.2536879352677186,6.583115348090791,26.22,59.925,4.0,7.2,12.0,5.099866427824199
Oliveira2011,10.1002/app.34410,J_Appl_Polym_Sci,2011,PDLLA,75,chloroform/acetone,3:1,354.0,1.31275,0.607615055865619,6.0,1.2536879352677186,9.874673022136188,26.22,59.925,2.0,1.2,12.0,5.869296913133774
Oliveira2011,10.1002/app.34410,J_Appl_Polym_Sci,2011,PDLLA,75,chloroform/acetone,3:1,388.0,1.31275,0.607615055865619,6.0,1.2536879352677186,9.874673022136188,26.22,59.925,2.0,4.8,12.0,5.961005339623274
Oliveira2011,10.1002/app.34410,J_Appl_Polym_Sci,2011,PDLLA,75,chloroform/acetone,3:1,426.0,1.31275,0.607615055865619,6.0,1.2536879352677186,9.874673022136188,26.22,59.925,2.0,7.2,12.0,6.054439346269371
Oliveira2011,10.1002/app.34410,J_Appl_Polym_Sci,2011,PDLLA,75,chloroform/acetone,3:1,325.0,1.31275,0.607615055865619,6.0,1.2536879352677186,9.874673022136188,26.22,59.925,3.0,1.2,12.0,5.783825182329737
Oliveira2011,10.1002/app.34410,J_Appl_Polym_Sci,2011,PDLLA,75,chloroform/acetone,3:1,172.0,1.31275,0.607615055865619,4.0,1.2536879352677186,6.583115348090791,26.22,59.925,3.0,7.2,12.0,5.147494476813453
Oliveira2011,10.1002/app.34410,J_Appl_Polym_Sci,2011,PDLLA,75,chloroform/acetone,3:1,167.0,1.31275,0.607615055865619,4.0,1.2536879352677186,6.583115348090791,26.22,59.925,4.0,1.2,12.0,5.117993812416755
Oliveira2011,10.1002/app.34410,J_Appl_Polym_Sci,2011,PDLLA,75,chloroform/acetone,3:1,228.0,1.31275,0.607615055865619,4.0,1.2536879352677186,6.583115348090791,26.22,59.925,4.0,4.8,12.0,5.429345628954441
Oliveira2013,10.1002/app.39061,J_Appl_Polym_Sci,2013,PLA,75,chloroform,NR,300.0,1.489,0.3403408488428953,6.0,1.9732914063844191,17.629385424638402,27.14,61.2,4.0,7.2,12.0,5.703782474656201
Oliveira2013,10.1002/app.39061,J_Appl_Polym_Sci,2013,PEO,100,chloroform,NR,250.0,1.489,0.6763870580492501,6.0,0.9929102934053522,8.870660561283417,27.14,61.2,4.0,7.2,12.0,5.521460917862246
Parize2016,10.1007/s10853-016-9778-x,J_Mater_Sci,2016,PLA,200,dimethyl_carbonate,NR,329.0,1.069,0.23167218552041917,12.0,4.03783342804286,51.79732721493381,28.5,90.0,2.7579,2.1,10.0,5.796057750765372
Parize2016,10.1007/s10853-016-9778-x,J_Mater_Sci,2016,PLA,200,dimethyl_carbonate,NR,110.0,1.069,0.23167218552041917,8.0,4.03783342804286,34.531551476622537,28.5,90.0,2.7579,2.1,10.0,4.700480365792417
Parize2016,10.1007/s10853-016-9778-x,J_Mater_Sci,2016,PLA,200,dimethyl_carbonate,NR,139.0,1.069,0.23167218552041917,8.0,4.03783342804286,34.531551476622537,28.5,90.0,5.5158,2.1,10.0,4.934473933130692
Parize2016,10.1007/s10853-016-9778-x,J_Mater_Sci,2016,PLA,200,dimethyl_carbonate,NR,214.0,1.069,0.23167218552041917,10.0,4.03783342804286,43.16443934577817,28.5,90.0,4.1369,2.1,10.0,5.365976015021851
Parize2016,10.1007/s10853-016-9778-x,J_Mater_Sci,2016,PLA,200,dimethyl_carbonate,NR,325.0,1.069,0.23167218552041917,12.0,4.03783342804286,51.79732721493381,28.5,90.0,4.1369,3.0,10.0,5.783825182329737
Parize2016,10.1007/s10853-016-9778-x,J_Mater_Sci,2016,PLA,200,dimethyl_carbonate,NR,174.0,1.069,0.23167218552041917,10.0,4.03783342804286,43.16443934577817,28.5,90.0,2.7579,1.2,10.0,5.159055299214529
Parize2016,10.1007/s10853-016-9778-x,J_Mater_Sci,2016,PLA,200,dimethyl_carbonate,NR,216.0,1.069,0.23167218552041917,10.0,4.03783342804286,43.16443934577817,28.5,90.0,5.5158,1.2,10.0,5.375278407684165
Parize2016,10.1007/s10853-016-9778-x,J_Mater_Sci,2016,PLA,200,dimethyl_carbonate,NR,198.0,1.069,0.23167218552041917,10.0,4.03783342804286,43.16443934577817,28.5,90.0,2.7579,3.0,10.0,5.288267030694535
Parize2016,10.1007/s10853-016-9778-x,J_Mater_Sci,2016,PLA,200,dimethyl_carbonate,NR,193.0,1.069,0.23167218552041917,10.0,4.03783342804286,43.16443934577817,28.5,90.0,5.5158,3.0,10.0,5.262690188904886
Parize2016,10.1007/s10853-016-9778-x,J_Mater_Sci,2016,PLA,200,dimethyl_carbonate,NR,220.0,1.069,0.23167218552041917,10.0,4.03783342804286,43.16443934577817,28.5,90.0,4.1369,2.1,10.0,5.393627546352362
Parize2016,10.1007/s10853-016-9778-x,J_Mater_Sci,2016,PLA,200,dimethyl_carbonate,NR,216.0,1.069,0.23167218552041917,10.0,4.03783342804286,43.16443934577817,28.5,90.0,4.1369,2.1,10.0,5.375278407684165
Parize2016,10.1007/s10853-016-9778-x,J_Mater_Sci,2016,PLA,200,dimethyl_carbonate,NR,136.0,1.069,0.23167218552041917,8.0,4.03783342804286,34.531551476622537,28.5,90.0,4.1369,3.0,10.0,4.912654885736052
Parize2016,10.1007/s10853-016-9778-x,J_Mater_Sci,2016,PLA,200,dimethyl_carbonate,NR,273.0,1.069,0.23167218552041917,12.0,4.03783342804286,51.79732721493381,28.5,90.0,5.5158,2.1,10.0,5.60947179518496
Parize2016,10.1007/s10853-016-9778-x,J_Mater_Sci,2016,PLA,200,dimethyl_carbonate,NR,179.0,1.069,0.23167218552041917,8.0,4.03783342804286,34.531551476622537,28.5,90.0,4.1369,1.2,10.0,5.187385805840755
Parize2016,10.1007/s10853-016-9778-x,J_Mater_Sci,2016,PLA,200,dimethyl_carbonate,NR,334.0,1.069,0.23167218552041917,12.0,4.03783342804286,51.79732721493381,28.5,90.0,4.1369,1.2,10.0,5.811140992976701
Vasireddi2019,10.1038/s41598-019-50477-6,Scientific Reports,2019,THV,115,acetone,NR,1003.0,0.784,3.2749173603026286,10.0,0.3894785925113436,3.053512165288934,23.46,56.1,2.0,3.0,7.0,6.910750787961936
Vasireddi2019,10.1038/s41598-019-50477-6,Scientific Reports,2019,THV,115,acetone,NR,249.0,0.784,3.2749173603026286,10.0,0.3894785925113436,3.053512165288934,23.46,56.1,1.0,3.0,7.0,5.517452896464707
Vasireddi2019,10.1038/s41598-019-50477-6,Scientific Reports,2019,THV,115,acetone,NR,384.0,0.784,3.2749173603026286,10.0,0.3894785925113436,3.053512165288934,23.46,56.1,1.5,1.0,7.0,5.950642552587727
Vasireddi2019,10.1038/s41598-019-50477-6,Scientific Reports,2019,THV,115,acetone,NR,510.0,0.784,3.2749173603026286,10.0,0.3894785925113436,3.053512165288934,23.46,56.1,1.5,3.0,7.0,6.234410725718371
Vasireddi2019,10.1038/s41598-019-50477-6,Scientific Reports,2019,THV,115,acetone,NR,283.0,0.784,3.2749173603026286,10.0,0.3894785925113436,3.053512165288934,23.46,56.1,1.5,0.5,7.0,5.645446897643238
Vasireddi2019,10.1038/s41598-019-50477-6,Scientific Reports,2019,THV,115,acetone,NR,1190.0,0.784,3.2749173603026286,15.0,0.3894785925113436,4.580268247933401,23.46,56.1,1.0,3.0,7.0,7.081708586105575
Vasireddi2019,10.1038/s41598-019-50477-6,Scientific Reports,2019,THV,115,acetone,NR,1400.0,0.784,3.2749173603026286,15.0,0.3894785925113436,4.580268247933401,23.46,56.1,1.0,1.0,7.0,7.24422751560335
Vasireddi2019,10.1038/s41598-019-50477-6,Scientific Reports,2019,THV,115,acetone,NR,1190.0,0.784,3.2749173603026286,15.0,0.3894785925113436,4.580268247933401,23.46,56.1,1.0,0.1,7.0,7.081708586105575
Vasireddi2019,10.1038/s41598-019-50477-6,Scientific Reports,2019,THV,115,acetone,NR,290.0,0.784,3.2749173603026286,15.0,0.3894785925113436,4.580268247933401,23.46,56.1,2.0,0.1,7.0,5.66988092298052
Vasireddi2019,10.1038/s41598-019-50477-6,Scientific Reports,2019,THV,115,acetone,NR,2830.0,0.784,3.2749173603026286,20.0,0.3894785925113436,6.107024330577868,23.46,56.1,0.5,3.0,7.0,7.948031990637284
Vasireddi2019,10.1038/s41598-019-50477-6,Scientific Reports,2019,THV,115,acetone,NR,1670.0,0.784,3.2749173603026286,20.0,0.3894785925113436,6.107024330577868,23.46,56.1,0.5,0.25,7.0,7.4205789054108
Vasireddi2019,10.1038/s41598-019-50477-6,Scientific Reports,2019,THV,115,acetone,NR,2540.0,0.784,3.2749173603026286,20.0,0.3894785925113436,6.107024330577868,23.46,56.1,1.0,1.0,7.0,7.8399193600125825
Vasireddi2019,10.1038/s41598-019-50477-6,Scientific Reports,2019,THV,115,acetone,NR,2460.0,0.784,3.2749173603026286,20.0,0.3894785925113436,6.107024330577868,23.46,56.1,1.0,0.5,7.0,7.807916628926408
Vasireddi2019,10.1038/s41598-019-50477-6,Scientific Reports,2019,THV,115,acetone,NR,2350.0,0.784,3.2749173603026286,20.0,0.3894785925113436,6.107024330577868,23.46,56.1,1.0,0.1,7.0,7.762170607138205
Vasireddi2019,10.1038/s41598-019-50477-6,Scientific Reports,2019,THV,115,acetone,NR,1210.0,0.784,3.2749173603026286,20.0,0.3894785925113436,6.107024330577868,23.46,56.1,2.0,3.0,7.0,7.098375638590786
Vasireddi2019,10.1038/s41598-019-50477-6,Scientific Reports,2019,THV,115,acetone,NR,1650.0,0.784,3.2749173603026286,20.0,0.3894785925113436,6.107024330577868,23.46,56.1,2.0,0.1,7.0,7.408530566894626
Vasireddi2019,10.1038/s41598-019-50477-6,Scientific Reports,2019,THV,115,acetone,NR,3410.0,0.784,3.2749173603026286,25.0,0.3894785925113436,7.633780413222335,23.46,56.1,1.0,0.25,7.0,8.134467570277563
Vasireddi2019,10.1038/s41598-019-50477-6,Scientific Reports,2019,THV,115,acetone,NR,3220.0,0.784,3.2749173603026286,25.0,0.3894785925113436,7.633780413222335,23.46,56.1,1.0,0.1,7.0,8.077136638538454
Vasireddi2019,10.1038/s41598-019-50477-6,Scientific Reports,2019,THV,115,acetone,NR,3250.0,0.784,3.2749173603026286,25.0,0.3894785925113436,7.633780413222335,23.46,56.1,1.5,0.1,7.0,8.086410275323782
Cena2018,10.1007/s10965-018-1633-0,J_Polym_Res,2018,PVP,360,isopropyl_alcohol/water,70:30,916.0,0.8502000000000001,1.0837749612144156,10.0,1.0852749683627314,9.227007781019944,36.45399999999999,87.82,1.2,6.6,25.0,6.82001636467413
Cena2018,10.1007/s10965-018-1633-0,J_Polym_Res,2018,PVP,360,isopropyl_alcohol/water,70:30,800.0,0.8502000000000001,1.0837749612144156,10.0,1.0852749683627314,9.227007781019944,36.45399999999999,87.82,1.2,6.6,25.0,6.684611727667927
Cena2018,10.1007/s10965-018-1633-0,J_Polym_Res,2018,PVP,360,isopropyl_alcohol,NR,750.0,0.786,1.1722970381991043,10.0,1.0852749683627314,8.530261251331069,21.22,82.6,1.6,6.6,25.0,6.620073206530356
Cena2018,10.1007/s10965-018-1633-0,J_Polym_Res,2018,PVP,360,isopropyl_alcohol,NR,900.0,0.786,1.1722970381991043,10.0,1.0852749683627314,8.530261251331069,21.22,82.6,1.2,6.6,25.0,6.802394763324311
Cena2018,10.1007/s10965-018-1633-0,J_Polym_Res,2018,PVP,360,isopropyl_alcohol,NR,1100.0,0.786,1.1722970381991043,10.0,1.0852749683627314,8.530261251331069,21.22,82.6,1.2,6.6,25.0,7.003065458786462
Cena2018,10.1007/s10965-018-1633-0,J_Polym_Res,2018,PVP,360,isopropyl_alcohol,NR,900.0,0.786,1.1722970381991043,10.0,1.0852749683627314,8.530261251331069,21.22,82.6,1.2,6.6,25.0,6.802394763324311
Lorente2022,10.3390/polym14071299,Polymers,2022,PEO,100,chloroform/acetone,4:6,302.0,1.066,0.944784549188868,10.0,0.9929102934053522,10.584423727701056,24.932,58.14,2.0,30.0,15.0,5.71042701737487
Lorente2022,10.3390/polym14071299,Polymers,2022,PEO,100,chloroform/acetone,5:5,301.0,1.1365,0.886177148645256,10.0,0.9929102934053522,11.284425484551828,25.3,58.650000000000006,2.0,30.0,15.0,5.707110264748875
Lorente2022,10.3390/polym14071299,Polymers,2022,PEO,100,chloroform/acetone,6:4,294.0,1.207,0.8344161801452637,10.0,0.9929102934053522,11.984427241402602,25.668,59.16,2.0,30.0,15.0,5.683579767338681
Lorente2022,10.3390/polym14071299,Polymers,2022,PEO,100,chloroform/acetone,7:3,304.0,1.2775,0.7883681639415526,10.0,0.9929102934053522,12.684428998253374,26.036,59.67,2.0,30.0,15.0,5.717027701406222
Lorente2022,10.3390/polym14071299,Polymers,2022,PEO,100,chloroform/acetone,8:2,339.0,1.348,0.7471367429045499,10.0,0.9929102934053522,13.384430755104149,26.404000000000003,60.18000000000001,2.0,30.0,15.0,5.82600010738045
Lorente2022,10.3390/polym14071299,Polymers,2022,PEO,100,chloroform/acetone,9:1,294.0,1.4185,0.7100037570922336,10.0,0.9929102934053522,14.08443251195492,26.772,60.690000000000005,2.0,30.0,15.0,5.683579767338681
Lorente2022,10.3390/polym14071299,Polymers,2022,PEO,100,chloroform,NR,288.0,1.489,0.6763870580492501,10.0,0.9929102934053522,14.784434268805695,27.14,61.2,2.0,30.0,15.0,5.662960480135946
Liu2016,10.1111/1750-3841.13537,Journal of Food Science,2016,Zein,22,acetic_acid,NR,394.4,1.049,24.202408080018515,27.0,0.0393881816788111,1.115591469688967,27.1,118.1,5.2,3.6,60.0,5.97736562272848
Liu2016,10.1111/1750-3841.13537,Journal of Food Science,2016,Zein,22,acetic_acid,NR,786.2,1.049,24.202408080018515,30.0,0.0393881816788111,1.239546077432186,27.1,118.1,4.8,3.6,60.0,6.66721121298776
Liu2016,10.1111/1750-3841.13537,Journal of Food Science,2016,Zein,22,acetic_acid,NR,174.6,1.049,24.202408080018515,25.0,0.0393881816788111,1.032955064526821,27.1,118.1,4.8,3.6,60.0,5.162497643405501
Liu2016,10.1111/1750-3841.13537,Journal of Food Science,2016,Zein,22,acetic_acid,NR,187.1,1.049,24.202408080018515,23.0,0.0393881816788111,0.950318659364676,27.1,118.1,3.8,3.6,60.0,5.231643233280044
Liu2016,10.1111/1750-3841.13537,Journal of Food Science,2016,Zein,22,acetic_acid,NR,340.6,1.049,24.202408080018515,25.0,0.0393881816788111,1.032955064526821,27.1,118.1,5.2,2.4,60.0,5.830708768228588
Liu2016,10.1111/1750-3841.13537,Journal of Food Science,2016,Zein,22,acetic_acid,NR,185.6,1.049,24.202408080018515,23.0,0.0393881816788111,0.950318659364676,27.1,118.1,4.5,4.8,60.0,5.2235938203521
Liu2016,10.1111/1750-3841.13537,Journal of Food Science,2016,Zein,22,acetic_acid,NR,568.1,1.049,24.202408080018515,27.0,0.0393881816788111,1.115591469688967,27.1,118.1,4.5,4.8,60.0,6.342297459563081
Liu2016,10.1111/1750-3841.13537,Journal of Food Science,2016,Zein,22,acetic_acid,NR,571.1,1.049,24.202408080018515,25.0,0.0393881816788111,1.032955064526821,27.1,118.1,6.2,2.4,60.0,6.347564325670818
Liu2016,10.1111/1750-3841.13537,Journal of Food Science,2016,Zein,22,acetic_acid,NR,528.5,1.049,24.202408080018515,25.0,0.0393881816788111,1.032955064526821,27.1,118.1,5.5,2.4,60.0,6.270042805310292
Liu2016,10.1111/1750-3841.13537,Journal of Food Science,2016,Zein,22,acetic_acid,NR,280.0,1.049,24.202408080018515,25.0,0.0393881816788111,1.032955064526821,27.1,118.1,4.8,2.4,60.0,5.634789603169249
Liu2016,10.1111/1750-3841.13537,Journal of Food Science,2016,Zein,22,acetic_acid,NR,349.0,1.049,24.202408080018515,25.0,0.0393881816788111,1.032955064526821,27.1,118.1,4.1,2.4,60.0,5.855071922202427
Liu2016,10.1111/1750-3841.13537,Journal of Food Science,2016,Zein,22,acetic_acid,NR,373.1,1.049,24.202408080018515,25.0,0.0393881816788111,1.032955064526821,27.1,118.1,3.4,2.4,60.0,5.921846480227112
Liu2016,10.1111/1750-3841.13537,Journal of Food Science,2016,Zein,22,acetic_acid,NR,478.0,1.049,24.202408080018515,25.0,0.0393881816788111,1.032955064526821,27.1,118.1,2.8,2.4,60.0,6.169610732491456
Liu2016,10.1111/1750-3841.13537,Journal of Food Science,2016,Zein,22,acetic_acid,NR,480.6,1.049,24.202408080018515,25.0,0.0393881816788111,1.032955064526821,27.1,118.1,4.8,6.0,60.0,6.175035323302368
Liu2016,10.1111/1750-3841.13537,Journal of Food Science,2016,Zein,22,acetic_acid,NR,400.3,1.049,24.202408080018515,25.0,0.0393881816788111,1.032955064526821,27.1,118.1,4.8,4.8,60.0,5.992214265998528
Liu2016,10.1111/1750-3841.13537,Journal of Food Science,2016,Zein,22,acetic_acid,NR,366.5,1.049,24.202408080018515,25.0,0.0393881816788111,1.032955064526821,27.1,118.1,4.8,3.6,60.0,5.903998521326706
Liu2016,10.1111/1750-3841.13537,Journal of Food Science,2016,Zein,22,acetic_acid,NR,272.3,1.049,24.202408080018515,25.0,0.0393881816788111,1.032955064526821,27.1,118.1,4.8,2.4,60.0,5.606904399679714
Liu2016,10.1111/1750-3841.13537,Journal of Food Science,2016,Zein,22,acetic_acid,NR,238.9,1.049,24.202408080018515,25.0,0.0393881816788111,1.032955064526821,27.1,118.1,4.5,3.6,60.0,5.476045054331764
Liu2016,10.1111/1750-3841.13537,Journal of Food Science,2016,Zein,22,acetic_acid,NR,531.8,1.049,24.202408080018515,27.0,0.0393881816788111,1.115591469688967,27.1,118.1,4.5,2.4,60.0,6.276267478808919
Liu2016,10.1111/1750-3841.13537,Journal of Food Science,2016,Zein,22,acetic_acid,NR,279.7,1.049,24.202408080018515,25.0,0.0393881816788111,1.032955064526821,27.1,118.1,4.5,3.6,60.0,5.633717600207914
Liu2016,10.1111/1750-3841.13537,Journal of Food Science,2016,Zein,22,acetic_acid,NR,221.1,1.049,24.202408080018515,23.0,0.0393881816788111,0.950318659364676,27.1,118.1,5.2,3.6,60.0,5.3986150878634005
Liu2016,10.1111/1750-3841.13537,Journal of Food Science,2016,Zein,22,acetic_acid,NR,260.8,1.049,24.202408080018515,25.0,0.0393881816788111,1.032955064526821,27.1,118.1,4.5,3.6,60.0,5.563753830052498
Liu2016,10.1111/1750-3841.13537,Journal of Food Science,2016,Zein,22,acetic_acid,NR,367.4,1.049,24.202408080018515,25.0,0.0393881816788111,1.032955064526821,27.1,118.1,5.2,4.8,60.0,5.906451172781026
Liu2016,10.1111/1750-3841.13537,Journal of Food Science,2016,Zein,22,acetic_acid,NR,222.2,1.049,24.202408080018515,25.0,0.0393881816788111,1.032955064526821,27.1,118.1,3.8,2.4,60.0,5.40357787720553
Liu2016,10.1111/1750-3841.13537,Journal of Food Science,2016,Zein,22,acetic_acid,NR,311.6,1.049,24.202408080018515,25.0,0.0393881816788111,1.032955064526821,27.1,118.1,3.8,4.8,60.0,5.741720313996593
Liu2016,10.1111/1750-3841.13537,Journal of Food Science,2016,Zein,22,acetic_acid,NR,220.7,1.049,24.202408080018515,23.0,0.0393881816788111,0.950318659364676,27.1,118.1,4.5,2.4,60.0,5.396804313262691
Liu2016,10.1111/1750-3841.13537,Journal of Food Science,2016,Zein,22,acetic_acid,NR,642.2,1.049,24.202408080018515,27.0,0.0393881816788111,1.115591469688967,27.1,118.1,3.8,3.6,60.0,6.464899781655413
Penconek2023,10.3390/pr11082310,Processes,2023,PEO,900,water,NR,267.0,1.0,0.18145996786408969,6.0,5.51085736303548,33.06514417821288,72.0,100.0,0.5,0.48,15.0,5.58724865840025
Penconek2023,10.3390/pr11082310,Processes,2023,PEO,900,water,NR,306.0,1.0,0.18145996786408969,5.0,5.51085736303548,27.5542868151774,72.0,100.0,0.5,0.48,15.0,5.723585101952381
Penconek2023,10.3390/pr11082310,Processes,2023,PEO,900,water,NR,402.0,1.0,0.18145996786408969,10.0,5.51085736303548,55.1085736303548,72.0,100.0,0.5,0.48,15.0,5.996452088619021
Penconek2023,10.3390/pr11082310,Processes,2023,PEO,900,water,NR,257.0,1.0,0.18145996786408969,7.0,5.51085736303548,38.57600154124836,72.0,100.0,0.5,0.48,15.0,5.54907608489522
Souza2024,10.1021/acsapm.4c01273,ACS Applied Polymer Materials,2024,PCL,105,chloroform,NR,314.0,1.489,0.5443475913394053,8.0,1.233755201544597,14.69649196079924,27.14,61.2,2.7579,7.2,12.0,5.749392985908253
Souza2024,10.1021/acsapm.4c01273,ACS Applied Polymer Materials,2024,PCL,105,chloroform,NR,472.0,1.489,0.5443475913394053,8.0,1.233755201544597,14.69649196079924,27.14,61.2,2.7579,7.2,12.0,6.156978985585555
Souza2024,10.1021/acsapm.4c01273,ACS Applied Polymer Materials,2024,PCL,105,chloroform,NR,294.0,1.489,0.5443475913394053,8.0,1.233755201544597,14.69649196079924,27.14,61.2,2.7579,7.2,12.0,5.683579767338681
Souza2024,10.1021/acsapm.4c01273,ACS Applied Polymer Materials,2024,PCL,105,chloroform,NR,322.0,1.489,0.5443475913394053,8.0,1.233755201544597,14.69649196079924,27.14,61.2,2.7579,7.2,12.0,5.7745515455444085
Souza2024,10.1021/acsapm.4c01273,ACS Applied Polymer Materials,2024,PCL,105,chloroform,NR,279.0,1.489,0.5443475913394053,8.0,1.233755201544597,14.69649196079924,27.14,61.2,2.7579,7.2,12.0,5.631211781821365
Souza2024,10.1021/acsapm.4c01273,ACS Applied Polymer Materials,2024,PCL,105,chloroform,NR,369.0,1.489,0.5443475913394053,8.0,1.233755201544597,14.69649196079924,27.14,61.2,2.7579,7.2,12.0,5.910796644040527
Souza2024,10.1021/acsapm.4c01273,ACS Applied Polymer Materials,2024,PCL,105,chloroform,NR,328.0,1.489,0.5443475913394053,8.0,1.233755201544597,14.69649196079924,27.14,61.2,2.7579,7.2,12.0,5.793013608384144
Souza2024,10.1021/acsapm.4c01273,ACS Applied Polymer Materials,2024,PCL,105,chloroform,NR,344.0,1.489,0.5443475913394053,8.0,1.233755201544597,14.69649196079924,27.14,61.2,2.7579,7.2,12.0,5.840641657373398
Souza2024,10.1021/acsapm.4c01273,ACS Applied Polymer Materials,2024,PLA,40,chloroform,NR,1277.0,1.489,0.5385239297617883,8.0,1.2470971764622178,14.85542156601794,27.14,61.2,2.7579,7.2,12.0,7.152268856032539
Souza2024,10.1021/acsapm.4c01273,ACS Applied Polymer Materials,2024,PLA,40,chloroform,NR,644.0,1.489,0.5385239297617883,8.0,1.2470971764622178,14.85542156601794,27.14,61.2,2.7579,7.2,12.0,6.467698726104354
Souza2024,10.1021/acsapm.4c01273,ACS Applied Polymer Materials,2024,PLA,40,chloroform,NR,515.0,1.489,0.5385239297617883,8.0,1.2470971764622178,14.85542156601794,27.14,61.2,2.7579,7.2,12.0,6.244166900663736
Souza2024,10.1021/acsapm.4c01273,ACS Applied Polymer Materials,2024,PLA,40,chloroform,NR,967.0,1.489,0.5385239297617883,8.0,1.2470971764622178,14.85542156601794,27.14,61.2,2.7579,7.2,12.0,6.874198495453294
Souza2024,10.1021/acsapm.4c01273,ACS Applied Polymer Materials,2024,PLA,40,chloroform,NR,585.0,1.489,0.5385239297617883,8.0,1.2470971764622178,14.85542156601794,27.14,61.2,2.7579,7.2,12.0,6.371611847231857
Souza2024,10.1021/acsapm.4c01273,ACS Applied Polymer Materials,2024,PLA,40,chloroform,NR,734.0,1.489,0.5385239297617883,8.0,1.2470971764622178,14.85542156601794,27.14,61.2,2.7579,7.2,12.0,6.598509028614515
Souza2024,10.1021/acsapm.4c01273,ACS Applied Polymer Materials,2024,PLA,40,chloroform,NR,535.0,1.489,0.5385239297617883,8.0,1.2470971764622178,14.85542156601794,27.14,61.2,2.7579,7.2,12.0,6.282266746896006
Souza2024,10.1021/acsapm.4c01273,ACS Applied Polymer Materials,2024,PLA,40,chloroform,NR,519.0,1.489,0.5385239297617883,8.0,1.2470971764622178,14.85542156601794,27.14,61.2,2.7579,7.2,12.0,6.251903883165888
Tomecka2017,10.1016/j.msec.2017.02.055,Materials Science and Engineering C,2017,PLLA,200,chloroform/acetone,3:1 v/v,178.0,1.31275,0.1886555447124952,5.0,4.03783342804286,26.503329163316325,26.22,59.925,1.0,30.0,30.0,5.181783550292085
Tomecka2017,10.1016/j.msec.2017.02.055,Materials Science and Engineering C,2017,PU,150,THF,NR,367.0,0.889,1.8035437041261627,8.0,0.6236940030909509,4.435711749982843,26.4,66.0,1.0,30.0,30.0,5.905361848054571
Raimundo2022,10.1016/j.ijhydene.2022.05.253,International Journal of Hydrogen Energy,2022,PVP,1300,methanol,NR,1100.0,0.791,0.4741711582397406,6.6,2.666173345198204,13.919024565941744,22.5,64.7,4.1,3.0,60.0,7.003065458786462
Yang2025b,10.3390/ma18102303,Materials,2025,PA66,30,formic_acid,NR,590.0,1.22,0.7028265478497452,26.0,1.166250952891973,36.993480225733375,37.67,100.8,1.75,4.5,50.0,6.380122536899765
Selvam2026,10.1021/acssuschemeng.5c13803,ACS Sustainable Chemistry & Engineering,2026,RSF,660,formic_acid,NR,306.6,1.22,0.6588250677763366,10.0,1.2441422939690117,15.178535986421942,37.67,100.8,5.1711,6.0,25.0,5.725543966437714
Scaffaro2024,10.1177/15280837241295749,Journal of Industrial Textiles,2024,PVA,93,water,NR,1000.0,1.0,1.1646936823677793,12.0,0.8585948521391796,10.303138225670156,72.0,100.0,5.0,45.0,20.0,6.907755278982137
Scaffaro2024,10.1177/15280837241295749,Journal of Industrial Textiles,2024,PVA,93,water,NR,1500.0,1.0,1.1646936823677793,12.0,0.8585948521391796,10.303138225670156,72.0,100.0,5.0,45.0,20.0,7.313220387090301
Scaffaro2024,10.1177/15280837241295749,Journal of Industrial Textiles,2024,PVA,93,water,NR,800.0,1.0,1.1646936823677793,12.0,0.8585948521391796,10.303138225670156,72.0,100.0,5.0,45.0,20.0,6.684611727667927
Scaffaro2024,10.1177/15280837241295749,Journal of Industrial Textiles,2024,PVA,93,water,NR,1000.0,1.0,1.1646936823677793,12.0,0.8585948521391796,10.303138225670156,72.0,100.0,5.0,45.0,20.0,6.907755278982137
Natarelli2021,10.1007/s10853-020-05545-y,J_Mater_Sci,2021,PBAT,126,chloroform,NR,399.0,1.489,0.8326448491205188,10.0,0.8065763848447902,12.009922370338928,27.14,61.2,1.4,7.2,40.0,5.988961416889864
Natarelli2021,10.1007/s10853-020-05545-y,J_Mater_Sci,2021,PBAT,126,chloroform,NR,340.0,1.489,0.8326448491205188,10.0,0.8065763848447902,12.009922370338928,27.14,61.2,1.4,7.2,40.0,5.828945617610208
Natarelli2021,10.1007/s10853-020-05545-y,J_Mater_Sci,2021,PBAT,126,chloroform,NR,306.0,1.489,0.8326448491205188,10.0,0.8065763848447902,12.009922370338928,27.14,61.2,1.4,7.2,40.0,5.723585101952381
Natarelli2021,10.1007/s10853-020-05545-y,J_Mater_Sci,2021,PBAT,126,chloroform,NR,379.0,1.489,0.8326448491205188,10.0,0.8065763848447902,12.009922370338928,27.14,61.2,1.4,7.2,40.0,5.937536205082426
Natarelli2021,10.1007/s10853-020-05545-y,J_Mater_Sci,2021,PBAT,126,chloroform,NR,380.0,1.489,0.8326448491205188,10.0,0.8065763848447902,12.009922370338928,27.14,61.2,1.4,7.2,40.0,5.940171252720432
Natarelli2021,10.1007/s10853-020-05545-y,J_Mater_Sci,2021,PBAT,126,chloroform,NR,330.0,1.489,0.8326448491205188,10.0,0.8065763848447902,12.009922370338928,27.14,61.2,1.4,7.2,40.0,5.799092654460526
Eticha2024,10.1007/s13762-024-05482-2,International Journal of Environmental Science and Technology,2024,Gelatin,50,acetic_acid/water,9:1,191.0,1.0441,4.004620464392592,12.0,0.2391644039497095,2.9965386499667,31.59,116.29,3.0,10.0,45.0,5.25227342804663
Eticha2024,10.1007/s13762-024-05482-2,International Journal of Environmental Science and Technology,2024,Gelatin,50,acetic_acid/water,9:1,250.1,1.0441,4.004620464392592,15.0,0.2391644039497095,3.745673312458376,31.59,116.29,1.0,10.0,45.0,5.521860837883573
Eticha2024,10.1007/s13762-024-05482-2,International Journal of Environmental Science and Technology,2024,Gelatin,50,acetic_acid/water,9:1,241.1,1.0441,4.004620464392592,15.0,0.2391644039497095,3.745673312458376,31.59,116.29,2.0,10.0,45.0,5.485211785187126
Eticha2024,10.1007/s13762-024-05482-2,International Journal of Environmental Science and Technology,2024,Gelatin,50,acetic_acid/water,9:1,229.6,1.0441,4.004620464392592,15.0,0.2391644039497095,3.745673312458376,31.59,116.29,3.0,10.0,45.0,5.436338664445412
Eticha2024,10.1007/s13762-024-05482-2,International Journal of Environmental Science and Technology,2024,Gelatin,50,acetic_acid/water,9:1,173.2,1.0441,4.004620464392592,12.0,0.2391644039497095,2.9965386499667,31.59,116.29,1.0,10.0,45.0,5.154446996128335
Eticha2024,10.1007/s13762-024-05482-2,International Journal of Environmental Science and Technology,2024,Gelatin,50,acetic_acid/water,9:1,168.8,1.0441,4.004620464392592,12.0,0.2391644039497095,2.9965386499667,31.59,116.29,2.0,10.0,45.0,5.128714582161857
Eticha2024,10.1007/s13762-024-05482-2,International Journal of Environmental Science and Technology,2024,Gelatin,50,acetic_acid/water,9:1,93.9,1.0441,4.004620464392592,9.0,0.2391644039497095,2.247403987475025,31.59,116.29,3.0,10.0,45.0,4.542230386214217
Eticha2024,10.1007/s13762-024-05482-2,International Journal of Environmental Science and Technology,2024,Gelatin,50,acetic_acid/water,9:1,102.6,1.0441,4.004620464392592,9.0,0.2391644039497095,2.247403987475025,31.59,116.29,1.0,10.0,45.0,4.630837932736669
Eticha2024,10.1007/s13762-024-05482-2,International Journal of Environmental Science and Technology,2024,Gelatin,50,acetic_acid/water,9:1,100.7,1.0441,4.004620464392592,9.0,0.2391644039497095,2.247403987475025,31.59,116.29,2.0,10.0,45.0,4.612145799724517
Dominguez2021,10.1002/app.50200,Journal of Applied Polymer Science,2021,PSf,35,chloroform/acetone,8:2 v/v,149.0,1.348,8.053584006605274,10.0,0.0921129973938117,1.241683204868583,26.404000000000003,60.18000000000001,2.0,22.5,20.0,5.003946305945459
Dominguez2021,10.1002/app.50200,Journal of Applied Polymer Science,2021,PSf,35,chloroform/acetone,8:2 v/v,169.0,1.348,8.053584006605274,10.0,0.0921129973938117,1.241683204868583,26.404000000000003,60.18000000000001,2.0,15.0,22.5,5.1298987149230735
Dominguez2021,10.1002/app.50200,Journal of Applied Polymer Science,2021,PSf,35,chloroform/acetone,8:2 v/v,226.0,1.348,8.053584006605274,10.0,0.0921129973938117,1.241683204868583,26.404000000000003,60.18000000000001,2.0,7.5,20.0,5.420534999272286
Dominguez2021,10.1002/app.50200,Journal of Applied Polymer Science,2021,PSf,35,chloroform/acetone,8:2 v/v,174.0,1.348,8.053584006605274,10.0,0.0921129973938117,1.241683204868583,26.404000000000003,60.18000000000001,2.0,22.5,25.0,5.159055299214529
Dominguez2021,10.1002/app.50200,Journal of Applied Polymer Science,2021,PSf,35,chloroform/acetone,8:2 v/v,154.0,1.348,8.053584006605274,10.0,0.0921129973938117,1.241683204868583,26.404000000000003,60.18000000000001,2.0,7.5,25.0,5.0369526024136295
Dominguez2021,10.1002/app.50200,Journal of Applied Polymer Science,2021,PSf,35,chloroform/acetone,8:2 v/v,200.0,1.348,8.053584006605274,10.0,0.0921129973938117,1.241683204868583,26.404000000000003,60.18000000000001,3.0,22.5,22.5,5.298317366548036
Dominguez2021,10.1002/app.50200,Journal of Applied Polymer Science,2021,PSf,35,chloroform/acetone,8:2 v/v,214.0,1.348,8.053584006605274,10.0,0.0921129973938117,1.241683204868583,26.404000000000003,60.18000000000001,1.0,22.5,22.5,5.365976015021851
Dominguez2021,10.1002/app.50200,Journal of Applied Polymer Science,2021,PSf,35,chloroform/acetone,8:2 v/v,218.0,1.348,8.053584006605274,10.0,0.0921129973938117,1.241683204868583,26.404000000000003,60.18000000000001,3.0,7.5,22.5,5.384495062789089
Dominguez2021,10.1002/app.50200,Journal of Applied Polymer Science,2021,PSf,35,chloroform/acetone,8:2 v/v,178.0,1.348,8.053584006605274,10.0,0.0921129973938117,1.241683204868583,26.404000000000003,60.18000000000001,1.0,7.5,22.5,5.181783550292085
Dominguez2021,10.1002/app.50200,Journal of Applied Polymer Science,2021,PSf,35,chloroform/acetone,8:2 v/v,199.0,1.348,8.053584006605274,10.0,0.0921129973938117,1.241683204868583,26.404000000000003,60.18000000000001,3.0,15.0,25.0,5.293304824724492
Dominguez2021,10.1002/app.50200,Journal of Applied Polymer Science,2021,PSf,35,chloroform/acetone,8:2 v/v,218.0,1.348,8.053584006605274,10.0,0.0921129973938117,1.241683204868583,26.404000000000003,60.18000000000001,1.0,15.0,25.0,5.384495062789089
Dominguez2021,10.1002/app.50200,Journal of Applied Polymer Science,2021,PSf,35,chloroform/acetone,8:2 v/v,185.0,1.348,8.053584006605274,10.0,0.0921129973938117,1.241683204868583,26.404000000000003,60.18000000000001,3.0,15.0,20.0,5.220355825078324
Dominguez2021,10.1002/app.50200,Journal of Applied Polymer Science,2021,PSf,35,chloroform/acetone,8:2 v/v,198.0,1.348,8.053584006605274,10.0,0.0921129973938117,1.241683204868583,26.404000000000003,60.18000000000001,1.0,15.0,20.0,5.288267030694535
Dominguez2021,10.1002/app.50200,Journal of Applied Polymer Science,2021,PSf,35,chloroform/acetone,8:2 v/v,195.0,1.348,8.053584006605274,10.0,0.0921129973938117,1.241683204868583,26.404000000000003,60.18000000000001,2.0,15.0,22.5,5.272999558563747
Dominguez2021,10.1002/app.50200,Journal of Applied Polymer Science,2021,PSf,35,chloroform/acetone,8:2 v/v,145.0,1.348,8.053584006605274,10.0,0.0921129973938117,1.241683204868583,26.404000000000003,60.18000000000001,2.2,22.5,20.0,4.976733742420574
Dominguez2021,10.1002/app.50200,Journal of Applied Polymer Science,2021,PSf,35,chloroform/acetone,8:2 v/v,183.0,1.348,8.053584006605274,10.0,0.0921129973938117,1.241683204868583,26.404000000000003,60.18000000000001,2.0,15.0,22.5,5.209486152841421
Ozcan2023,10.1007/s10924-023-02761-w,J_Polym_Environ,2023,PLA,75,chloroform,NR,109.3,1.489,0.3403408488428953,5.0,1.9732914063844191,14.691154520532002,27.14,61.2,1.5,7.2,30.0,4.694096395182493
Ozcan2023,10.1007/s10924-023-02761-w,J_Polym_Environ,2023,PLA,75,chloroform,NR,71.2,1.489,0.3403408488428953,5.0,1.9732914063844191,14.691154520532002,27.14,61.2,1.5,7.2,30.0,4.26549281841793
Ozcan2023,10.1007/s10924-023-02761-w,J_Polym_Environ,2023,PLA,75,chloroform,NR,79.1,1.489,0.3403408488428953,5.0,1.9732914063844191,14.691154520532002,27.14,61.2,1.5,7.2,30.0,4.370712874773608
Ozcan2023,10.1007/s10924-023-02761-w,J_Polym_Environ,2023,PLA,75,chloroform,NR,78.9,1.489,0.3403408488428953,5.0,1.9732914063844191,14.691154520532002,27.14,61.2,1.5,7.2,30.0,4.368181227851829
Ozcan2023,10.1007/s10924-023-02761-w,J_Polym_Environ,2023,PLA,75,chloroform,NR,92.7,1.489,0.3403408488428953,5.0,1.9732914063844191,14.691154520532002,27.14,61.2,1.5,7.2,30.0,4.529368472571809
Ozcan2023,10.1007/s10924-023-02761-w,J_Polym_Environ,2023,PLA,75,chloroform,NR,63.2,1.489,0.3403408488428953,5.0,1.9732914063844191,14.691154520532002,27.14,61.2,1.5,7.2,30.0,4.146304301152812
Ozcan2023,10.1007/s10924-023-02761-w,J_Polym_Environ,2023,PLA,75,chloroform,NR,58.2,1.489,0.3403408488428953,5.0,1.9732914063844191,14.691154520532002,27.14,61.2,1.5,7.2,30.0,4.063885354737392
KramarCA_preprint,10.2139/ssrn.4229841,SSRN_preprint,2022,CA,30,acetone/acetic_acid,70:30,843.0,0.8634999999999999,5.052307642719428,12.0,0.2292175522738496,2.375152276661629,24.552,74.69999999999999,1.0,15.0,15.0,6.736966958001855
KramarCA_preprint,10.2139/ssrn.4229841,SSRN_preprint,2022,CA,30,acetone/acetic_acid,70:30,1800.0,0.8634999999999999,5.052307642719428,14.0,0.2292175522738496,2.771010989438568,24.552,74.69999999999999,1.0,7.5,15.0,7.495541943884256
KramarCA_preprint,10.2139/ssrn.4229841,SSRN_preprint,2022,CA,30,DMF/acetone,10:90,1000.0,0.8,5.4533345618602816,14.0,0.2292175522738496,2.567236585467116,24.79,65.79,1.0,7.5,15.0,6.907755278982137
KramarCA_preprint,10.2139/ssrn.4229841,SSRN_preprint,2022,CA,30,DMF/acetone,10:90,683.0,0.8,5.4533345618602816,12.0,0.2292175522738496,2.200488501828956,24.79,65.79,1.0,15.0,15.0,6.52649485957079
Zhang2023_PA66BN,10.1002/app.53977,J_Appl_Polym_Sci,2023,PA66,30,formic_acid,NR,580.0,1.22,0.7028265478497452,27.5,1.166250952891973,39.127719469525686,37.67,100.8,1.5,4.5,50.0,6.363028103540465
MengyuZhang2026,10.3390/polym18020195,Polymers,2026,PVB,135,ethanol,NR,327.0,0.789,2.932081593431553,5.0,0.4322618871793064,1.705273144922364,22.39,78.4,1.5,3.0,15.0,5.7899601708972535
MengyuZhang2026,10.3390/polym18020195,Polymers,2026,PVB,135,ethanol,NR,618.0,0.789,2.932081593431553,5.0,0.4322618871793064,1.705273144922364,22.39,78.4,1.5,9.0,15.0,6.42648845745769
MengyuZhang2026,10.3390/polym18020195,Polymers,2026,PVB,135,ethanol,NR,694.0,0.789,2.932081593431553,5.0,0.4322618871793064,1.705273144922364,22.39,78.4,1.5,9.0,15.0,6.542471960506805
MengyuZhang2026,10.3390/polym18020195,Polymers,2026,PVB,135,ethanol,NR,486.0,0.789,2.932081593431553,5.0,0.4322618871793064,1.705273144922364,22.39,78.4,1.5,12.0,15.0,6.186208623900494
MengyuZhang2026,10.3390/polym18020195,Polymers,2026,PVB,135,ethanol,NR,525.0,0.789,2.932081593431553,5.0,0.4322618871793064,1.705273144922364,22.39,78.4,1.5,6.0,15.0,6.263398262591624
MengyuZhang2026,10.3390/polym18020195,Polymers,2026,PVB,135,ethanol,NR,543.0,0.789,2.932081593431553,5.0,0.4322618871793064,1.705273144922364,22.39,78.4,1.0,9.0,15.0,6.297109319933935
MengyuZhang2026,10.3390/polym18020195,Polymers,2026,PVB,135,ethanol,NR,375.0,0.789,2.932081593431553,5.0,0.4322618871793064,1.705273144922364,22.39,78.4,2.0,9.0,15.0,5.926926025970411
MengyuZhang2026,10.3390/polym18020195,Polymers,2026,PVB,135,ethanol,NR,505.0,0.789,2.932081593431553,5.0,0.4322618871793064,1.705273144922364,22.39,78.4,1.5,9.0,15.0,6.22455842927536
MengyuZhang2026,10.3390/polym18020195,Polymers,2026,PVB,135,ethanol,NR,684.0,0.789,2.932081593431553,8.0,0.4322618871793064,2.728437031875782,22.39,78.4,1.5,9.0,15.0,6.52795791762255
MengyuZhang2026,10.3390/polym18020195,Polymers,2026,PVB,135,ethanol,NR,550.0,0.789,2.932081593431553,5.0,0.4322618871793064,1.705273144922364,22.39,78.4,0.5,9.0,15.0,6.309918278226516
MengyuZhang2026,10.3390/polym18020195,Polymers,2026,PVB,135,ethanol,NR,517.0,0.789,2.932081593431553,5.0,0.4322618871793064,1.705273144922364,22.39,78.4,1.5,9.0,15.0,6.248042874508429
MengyuZhang2026,10.3390/polym18020195,Polymers,2026,PVB,135,ethanol,NR,503.0,0.789,2.932081593431553,2.0,0.4322618871793064,0.682109257968945,22.39,78.4,1.5,9.0,15.0,6.220590170099739
Barros2024,10.1016/j.postharvbio.2024.112993,Postharvest Biology and Technology,2024,PLA,66,chloroform,NR,184.0,1.489,0.3736299889137797,12.0,1.7974779653413822,32.117336284719817,27.14,61.2,2.4132,5.0,30.0,5.214935757608986
Barros2024,10.1016/j.postharvbio.2024.112993,Postharvest Biology and Technology,2024,PLA,66,chloroform,NR,157.0,1.489,0.3736299889137797,12.0,1.7974779653413822,32.117336284719817,27.14,61.2,2.4132,5.0,30.0,5.056245805348308
OliveiraFilho2024b,10.1016/j.foodchem.2024.140057,Food_Chemistry,2024,PCL,50,acetic_acid,NR,371.0,1.049,1.3843945495769264,25.0,0.6885962147220406,18.058435731085511,27.1,118.1,1.379,7.0,25.0,5.916202062607435
OliveiraFilho2024b,10.1016/j.foodchem.2024.140057,Food_Chemistry,2024,PCL,50,acetic_acid,NR,261.0,1.049,1.3843945495769264,25.0,0.6885962147220406,18.058435731085511,27.1,118.1,1.379,7.0,25.0,5.564520407322694
OliveiraFilho2024b,10.1016/j.foodchem.2024.140057,Food_Chemistry,2024,PCL,50,acetic_acid,NR,356.0,1.049,1.3843945495769264,25.0,0.6885962147220406,18.058435731085511,27.1,118.1,1.379,7.0,25.0,5.87493073085203
OliveiraFilho2024b,10.1016/j.foodchem.2024.140057,Food_Chemistry,2024,PCL,50,acetic_acid,NR,156.0,1.049,1.3843945495769264,25.0,0.6885962147220406,18.058435731085511,27.1,118.1,1.379,7.0,25.0,5.049856007249537
OliveiraFilho2024b,10.1016/j.foodchem.2024.140057,Food_Chemistry,2024,PCL,50,acetic_acid,NR,278.0,1.049,1.3843945495769264,25.0,0.6885962147220406,18.058435731085511,27.1,118.1,1.379,7.0,25.0,5.627621113690637
Vilches2025,10.1016/j.jfoodeng.2025.112574,Journal of Food Engineering,2025,Gelatin,50,acetic_acid/water,8/2 v/v,308.0,1.0392,4.023502912694674,20.0,0.2391644039497095,4.970792971690763,36.080000000000005,114.48,2.0,8.1,21.0,5.730099782973574
Vilches2025,10.1016/j.jfoodeng.2025.112574,Journal of Food Engineering,2025,Gelatin,50,acetic_acid/water,8/2 v/v,230.0,1.0392,4.023502912694674,14.3,0.2391644039497095,3.554116974758896,36.080000000000005,114.48,2.0,8.1,21.0,5.438079308923196
Vilches2025,10.1016/j.jfoodeng.2025.112574,Journal of Food Engineering,2025,Gelatin,50,acetic_acid/water,8/2 v/v,276.0,1.0392,4.023502912694674,20.0,0.2391644039497095,4.970792971690763,36.080000000000005,114.48,2.0,8.1,21.0,5.62040086571715
Vilches2025,10.1016/j.jfoodeng.2025.112574,Journal of Food Engineering,2025,Gelatin,50,acetic_acid/water,8/2 v/v,327.0,1.0392,4.023502912694674,18.9,0.2391644039497095,4.697399358247771,36.080000000000005,114.48,2.0,8.1,21.0,5.7899601708972535
Vilches2025,10.1016/j.jfoodeng.2025.112574,Journal of Food Engineering,2025,Gelatin,50,acetic_acid/water,8/2 v/v,830.0,1.0392,4.023502912694674,20.0,0.2391644039497095,4.970792971690763,36.080000000000005,114.48,2.0,8.1,21.0,6.721425700790643
Vilches2025,10.1016/j.jfoodeng.2025.112574,Journal of Food Engineering,2025,Gelatin,50,acetic_acid/water,8/2 v/v,443.0,1.0392,4.023502912694674,20.0,0.2391644039497095,4.970792971690763,36.080000000000005,114.48,2.0,8.1,21.0,6.093569770045136
Chen2025,10.1016/j.polymdegradstab.2025.111428,Polymer Degradation and Stability,2025,PLA,75,DCM,NR,271.0,1.325,0.382466055794016,5.0,1.9732914063844191,13.073055567296776,27.84,39.6,2.0,10.0,60.0,5.602118820879701
Chen2025,10.1016/j.polymdegradstab.2025.111428,Polymer Degradation and Stability,2025,PLA,75,DCM,NR,197.9,1.325,0.382466055794016,5.0,1.9732914063844191,13.073055567296776,27.84,39.6,2.0,10.0,60.0,5.28776185260852
Chen2025,10.1016/j.polymdegradstab.2025.111428,Polymer Degradation and Stability,2025,PLA,75,DCM,NR,160.6,1.325,0.382466055794016,5.0,1.9732914063844191,13.073055567296776,27.84,39.6,2.0,10.0,60.0,5.078916801512661
Chen2025,10.1016/j.polymdegradstab.2025.111428,Polymer Degradation and Stability,2025,PLA,75,DCM,NR,144.8,1.325,0.382466055794016,5.0,1.9732914063844191,13.073055567296776,27.84,39.6,2.0,10.0,60.0,4.975353479951616
Dong2022,10.1016/j.seppur.2022.121903,Separation and Purification Technology,2022,PVDF,310,DMF/acetone,3:1_v/v,517.4,0.904,1.0867569606647749,16.0,1.0178859950331691,14.722703032159756,33.435,128.775,2.0,2.0,56.0,6.248816269751929
Ramalho2025,10.1016/j.ceramint.2025.07.285,Ceramics International,2025,PVP,1300,ethanol,NR,410.0,0.789,0.4753731130134789,10.0,2.666173345198204,21.03610769361383,22.39,78.4,1.7237,6.0,40.0,6.016157159698354
Ramalho2025,10.1016/j.ceramint.2025.07.285,Ceramics International,2025,PVP,1300,ethanol,NR,1260.0,0.789,0.4753731130134789,10.0,2.666173345198204,21.03610769361383,22.39,78.4,1.7237,6.0,40.0,7.138866999945524
Ramalho2025,10.1016/j.ceramint.2025.07.285,Ceramics International,2025,PVP,1300,ethanol,NR,430.0,0.789,0.4753731130134789,10.0,2.666173345198204,21.03610769361383,22.39,78.4,1.379,4.5,40.0,6.063785208687608
Ramalho2025,10.1016/j.ceramint.2025.07.285,Ceramics International,2025,PVP,1300,ethanol,NR,380.0,0.789,0.4753731130134789,10.0,2.666173345198204,21.03610769361383,22.39,78.4,1.7237,4.5,40.0,5.940171252720432
Ramalho2025,10.1016/j.ceramint.2025.07.285,Ceramics International,2025,PVP,1300,ethanol,NR,440.0,0.789,0.4753731130134789,10.0,2.666173345198204,21.03610769361383,22.39,78.4,1.379,6.0,40.0,6.0867747269123065
Ramalho2025,10.1016/j.ceramint.2025.07.285,Ceramics International,2025,PVP,1300,ethanol,NR,1030.0,0.789,0.4753731130134789,10.0,2.666173345198204,21.03610769361383,22.39,78.4,1.7237,6.0,40.0,6.937314081223682
Ramalho2025,10.1016/j.ceramint.2025.07.285,Ceramics International,2025,PVP,1300,ethanol,NR,1340.0,0.789,0.4753731130134789,10.0,2.666173345198204,21.03610769361383,22.39,78.4,1.7237,6.0,40.0,7.200424892944957
Pakolpakcil2023,10.32710/tekstilvekonfeksiyon.1215378,Tekstil ve Konfeksiyon,2023,PBS,110,chloroform/ethanol,3:1,212.0,1.314,0.35554205288387672,9.0,2.140492246802971,25.31346131069194,25.9525,65.5,5.0,80.0,30.0,5.356586274672012
Pakolpakcil2023,10.32710/tekstilvekonfeksiyon.1215378,Tekstil ve Konfeksiyon,2023,PBS,110,chloroform/ethanol,3:1,198.0,1.314,0.35554205288387672,10.0,2.140492246802971,28.12606812299104,25.9525,65.5,3.0,80.0,30.0,5.288267030694535
Pakolpakcil2023,10.32710/tekstilvekonfeksiyon.1215378,Tekstil ve Konfeksiyon,2023,PBS,110,chloroform/ethanol,3:1,202.0,1.314,0.35554205288387672,9.0,2.140492246802971,25.31346131069194,25.9525,65.5,5.0,70.0,30.0,5.308267697401205
Pakolpakcil2023,10.32710/tekstilvekonfeksiyon.1215378,Tekstil ve Konfeksiyon,2023,PBS,110,chloroform/ethanol,3:1,250.0,1.314,0.35554205288387672,10.0,2.140492246802971,28.12606812299104,25.9525,65.5,4.0,60.0,30.0,5.521460917862246
Pakolpakcil2023,10.32710/tekstilvekonfeksiyon.1215378,Tekstil ve Konfeksiyon,2023,PBS,110,chloroform/ethanol,3:1,188.0,1.314,0.35554205288387672,9.0,2.140492246802971,25.31346131069194,25.9525,65.5,4.0,80.0,30.0,5.236441962829949
Pakolpakcil2023,10.32710/tekstilvekonfeksiyon.1215378,Tekstil ve Konfeksiyon,2023,PBS,110,chloroform/ethanol,3:1,218.0,1.314,0.35554205288387672,9.0,2.140492246802971,25.31346131069194,25.9525,65.5,5.0,60.0,30.0,5.384495062789089
Pakolpakcil2023,10.32710/tekstilvekonfeksiyon.1215378,Tekstil ve Konfeksiyon,2023,PBS,110,chloroform/ethanol,3:1,185.0,1.314,0.35554205288387672,9.0,2.140492246802971,25.31346131069194,25.9525,65.5,4.0,70.0,30.0,5.220355825078324
Pakolpakcil2023,10.32710/tekstilvekonfeksiyon.1215378,Tekstil ve Konfeksiyon,2023,PBS,110,chloroform/ethanol,3:1,218.0,1.314,0.35554205288387672,9.0,2.140492246802971,25.31346131069194,25.9525,65.5,4.0,60.0,30.0,5.384495062789089
Pakolpakcil2023,10.32710/tekstilvekonfeksiyon.1215378,Tekstil ve Konfeksiyon,2023,PBS,110,chloroform/ethanol,3:1,188.0,1.314,0.35554205288387672,9.0,2.140492246802971,25.31346131069194,25.9525,65.5,3.0,70.0,30.0,5.236441962829949
Pakolpakcil2023,10.32710/tekstilvekonfeksiyon.1215378,Tekstil ve Konfeksiyon,2023,PBS,110,chloroform/ethanol,3:1,156.0,1.314,0.35554205288387672,9.0,2.140492246802971,25.31346131069194,25.9525,65.5,3.0,80.0,30.0,5.049856007249537
Pakolpakcil2023,10.32710/tekstilvekonfeksiyon.1215378,Tekstil ve Konfeksiyon,2023,PBS,110,chloroform/ethanol,3:1,207.0,1.314,0.35554205288387672,8.0,2.140492246802971,22.50085449839283,25.9525,65.5,5.0,60.0,30.0,5.332718793265369
Pakolpakcil2023,10.32710/tekstilvekonfeksiyon.1215378,Tekstil ve Konfeksiyon,2023,PBS,110,chloroform/ethanol,3:1,202.0,1.314,0.35554205288387672,8.0,2.140492246802971,22.50085449839283,25.9525,65.5,5.0,70.0,30.0,5.308267697401205
Pakolpakcil2023,10.32710/tekstilvekonfeksiyon.1215378,Tekstil ve Konfeksiyon,2023,PBS,110,chloroform/ethanol,3:1,207.0,1.314,0.35554205288387672,8.0,2.140492246802971,22.50085449839283,25.9525,65.5,3.0,80.0,30.0,5.332718793265369
Pakolpakcil2023,10.32710/tekstilvekonfeksiyon.1215378,Tekstil ve Konfeksiyon,2023,PBS,110,chloroform/ethanol,3:1,237.0,1.314,0.35554205288387672,8.0,2.140492246802971,22.50085449839283,25.9525,65.5,4.0,60.0,30.0,5.468060141135132
Pakolpakcil2023,10.32710/tekstilvekonfeksiyon.1215378,Tekstil ve Konfeksiyon,2023,PBS,110,chloroform/ethanol,3:1,224.0,1.314,0.35554205288387672,8.0,2.140492246802971,22.50085449839283,25.9525,65.5,3.0,60.0,30.0,5.41164605185504
Pakolpakcil2023,10.32710/tekstilvekonfeksiyon.1215378,Tekstil ve Konfeksiyon,2023,PBS,110,chloroform/ethanol,3:1,212.0,1.314,0.35554205288387672,8.0,2.140492246802971,22.50085449839283,25.9525,65.5,3.0,70.0,30.0,5.356586274672012
Pakolpakcil2023,10.32710/tekstilvekonfeksiyon.1215378,Tekstil ve Konfeksiyon,2023,PBS,110,chloroform/ethanol,3:1,209.0,1.314,0.35554205288387672,8.0,2.140492246802971,22.50085449839283,25.9525,65.5,4.0,70.0,30.0,5.342334251964811
Pakolpakcil2023,10.32710/tekstilvekonfeksiyon.1215378,Tekstil ve Konfeksiyon,2023,PBS,110,chloroform/ethanol,3:1,177.0,1.314,0.35554205288387672,8.0,2.140492246802971,22.50085449839283,25.9525,65.5,4.0,80.0,30.0,5.176149732573829
Pakolpakcil2023,10.32710/tekstilvekonfeksiyon.1215378,Tekstil ve Konfeksiyon,2023,PBS,110,chloroform/ethanol,3:1,193.0,1.314,0.35554205288387672,8.0,2.140492246802971,22.50085449839283,25.9525,65.5,5.0,80.0,30.0,5.262690188904886
Pakolpakcil2023,10.32710/tekstilvekonfeksiyon.1215378,Tekstil ve Konfeksiyon,2023,PBS,110,chloroform/ethanol,3:1,199.0,1.314,0.35554205288387672,9.0,2.140492246802971,25.31346131069194,25.9525,65.5,3.0,60.0,30.0,5.293304824724492
Pakolpakcil2023,10.32710/tekstilvekonfeksiyon.1215378,Tekstil ve Konfeksiyon,2023,PBS,110,chloroform/ethanol,3:1,238.0,1.314,0.35554205288387672,10.0,2.140492246802971,28.12606812299104,25.9525,65.5,5.0,70.0,30.0,5.472270673671475
Pakolpakcil2023,10.32710/tekstilvekonfeksiyon.1215378,Tekstil ve Konfeksiyon,2023,PBS,110,chloroform/ethanol,3:1,237.0,1.314,0.35554205288387672,10.0,2.140492246802971,28.12606812299104,25.9525,65.5,5.0,60.0,30.0,5.468060141135132
Pakolpakcil2023,10.32710/tekstilvekonfeksiyon.1215378,Tekstil ve Konfeksiyon,2023,PBS,110,chloroform/ethanol,3:1,205.0,1.314,0.35554205288387672,10.0,2.140492246802971,28.12606812299104,25.9525,65.5,4.0,80.0,30.0,5.3230099791384085
Pakolpakcil2023,10.32710/tekstilvekonfeksiyon.1215378,Tekstil ve Konfeksiyon,2023,PBS,110,chloroform/ethanol,3:1,237.0,1.314,0.35554205288387672,10.0,2.140492246802971,28.12606812299104,25.9525,65.5,5.0,80.0,30.0,5.468060141135132
Pakolpakcil2023,10.32710/tekstilvekonfeksiyon.1215378,Tekstil ve Konfeksiyon,2023,PBS,110,chloroform/ethanol,3:1,222.0,1.314,0.35554205288387672,10.0,2.140492246802971,28.12606812299104,25.9525,65.5,4.0,70.0,30.0,5.402677381872279
Pakolpakcil2023,10.32710/tekstilvekonfeksiyon.1215378,Tekstil ve Konfeksiyon,2023,PBS,110,chloroform/ethanol,3:1,315.0,1.314,0.35554205288387672,10.0,2.140492246802971,28.12606812299104,25.9525,65.5,3.0,60.0,30.0,5.752572638825633
Pakolpakcil2023,10.32710/tekstilvekonfeksiyon.1215378,Tekstil ve Konfeksiyon,2023,PBS,110,chloroform/ethanol,3:1,213.0,1.314,0.35554205288387672,10.0,2.140492246802971,28.12606812299104,25.9525,65.5,3.0,70.0,30.0,5.3612921657094255
Medeiros2016,10.1021/acsbiomaterials.6b00072,ACS Biomaterials Science & Engineering,2016,PDLLA,94,dimethyl_carbonate,NR,412.0,1.069,0.6270780134270454,15.0,1.491766056235564,23.920468711737266,28.5,90.0,1.379,7.2,10.0,6.021023349349527
Medeiros2016,10.1021/acsbiomaterials.6b00072,ACS Biomaterials Science & Engineering,2016,PDLLA,94,dimethyl_carbonate,NR,99.0,1.069,0.6270780134270454,8.0,1.491766056235564,12.75758331292654,28.5,90.0,1.379,7.2,10.0,4.59511985013459
Freire2022,10.1002/pen.26024,Polymer Engineering and Science,2022,PBAT,660,chloroform,NR,388.0,1.489,0.2656012779872108,10.0,2.528570936679011,37.65042124715048,27.14,61.2,1.379,3.0,20.0,5.961005339623274
Freire2022,10.1002/pen.26024,Polymer Engineering and Science,2022,PBAT,660,chloroform,NR,378.0,1.489,0.2656012779872108,10.0,2.528570936679011,37.65042124715048,27.14,61.2,4.1369,5.0,20.0,5.934894195619588
Freire2022,10.1002/pen.26024,Polymer Engineering and Science,2022,PBAT,660,chloroform,NR,403.0,1.489,0.2656012779872108,10.0,2.528570936679011,37.65042124715048,27.14,61.2,2.7579,7.0,20.0,5.998936561946683
Freire2022,10.1002/pen.26024,Polymer Engineering and Science,2022,PBAT,660,chloroform,NR,287.0,1.489,0.2656012779872108,10.0,2.528570936679011,37.65042124715048,27.14,61.2,2.7579,3.0,5.0,5.659482215759621
Freire2022,10.1002/pen.26024,Polymer Engineering and Science,2022,PBAT,660,chloroform,NR,348.0,1.489,0.2656012779872108,10.0,2.528570936679011,37.65042124715048,27.14,61.2,4.1369,7.0,5.0,5.8522024797744745
Freire2022,10.1002/pen.26024,Polymer Engineering and Science,2022,PBAT,660,chloroform,NR,415.0,1.489,0.2656012779872108,10.0,2.528570936679011,37.65042124715048,27.14,61.2,1.379,7.0,35.0,6.028278520230698
Freire2022,10.1002/pen.26024,Polymer Engineering and Science,2022,PBAT,660,chloroform,NR,341.0,1.489,0.2656012779872108,10.0,2.528570936679011,37.65042124715048,27.14,61.2,1.379,5.0,5.0,5.831882477283517
Freire2022,10.1002/pen.26024,Polymer Engineering and Science,2022,PBAT,660,chloroform,NR,480.0,1.489,0.2656012779872108,10.0,2.528570936679011,37.65042124715048,27.14,61.2,4.1369,3.0,35.0,6.173786103901937
Freire2022,10.1002/pen.26024,Polymer Engineering and Science,2022,PBAT,660,chloroform,NR,377.0,1.489,0.2656012779872108,10.0,2.528570936679011,37.65042124715048,27.14,61.2,2.7579,5.0,35.0,5.932245187448011
Liu2017,10.1111/1750-3841.13710,Journal of Food Science,2017,Gelatin (HMWFG),120,acetic_acid/water,20:80_v/v,68.0,1.0098,1.9080121804660852,20.0,0.5190192798980242,10.482113376820497,63.02,103.62,4.83,3.6,50.0,4.219507705176107
Liu2017,10.1111/1750-3841.13710,Journal of Food Science,2017,Gelatin (HMWFG),120,acetic_acid/water,20:80_v/v,71.0,1.0098,1.9080121804660852,15.0,0.5190192798980242,7.861585032615372,63.02,103.62,2.76,3.0,50.0,4.262679877041316
Liu2017,10.1111/1750-3841.13710,Journal of Food Science,2017,Gelatin (HMWFG),120,acetic_acid/water,20:80_v/v,77.0,1.0098,1.9080121804660852,20.0,0.5190192798980242,10.482113376820497,63.02,103.62,4.83,2.4,50.0,4.343805421853684
Liu2017,10.1111/1750-3841.13710,Journal of Food Science,2017,Gelatin (HMWFG),120,acetic_acid/water,20:80_v/v,112.0,1.0098,1.9080121804660852,25.0,0.5190192798980242,13.10264172102562,63.02,103.62,4.83,3.0,50.0,4.718498871295094
Liu2017,10.1111/1750-3841.13710,Journal of Food Science,2017,Gelatin (HMWFG),120,acetic_acid/water,20:80_v/v,46.0,1.0098,1.9080121804660852,15.0,0.5190192798980242,7.861585032615372,63.02,103.62,4.83,3.0,50.0,3.828641396489095
Liu2017,10.1111/1750-3841.13710,Journal of Food Science,2017,Gelatin (HMWFG),120,acetic_acid/water,20:80_v/v,102.0,1.0098,1.9080121804660852,25.0,0.5190192798980242,13.10264172102562,63.02,103.62,3.79,3.6,50.0,4.624972813284271
Liu2017,10.1111/1750-3841.13710,Journal of Food Science,2017,Gelatin (HMWFG),120,acetic_acid/water,20:80_v/v,39.0,1.0098,1.9080121804660852,20.0,0.5190192798980242,10.482113376820497,63.02,103.62,3.79,3.0,50.0,3.6635616461296463
Liu2017,10.1111/1750-3841.13710,Journal of Food Science,2017,Gelatin (HMWFG),120,acetic_acid/water,20:80_v/v,101.0,1.0098,1.9080121804660852,20.0,0.5190192798980242,10.482113376820497,63.02,103.62,2.76,3.6,50.0,4.61512051684126
Liu2017,10.1111/1750-3841.13710,Journal of Food Science,2017,Gelatin (HMWFG),120,acetic_acid/water,20:80_v/v,114.0,1.0098,1.9080121804660852,20.0,0.5190192798980242,10.482113376820497,63.02,103.62,2.76,2.4,50.0,4.736198448394496
Liu2017,10.1111/1750-3841.13710,Journal of Food Science,2017,Gelatin (HMWFG),120,acetic_acid/water,20:80_v/v,76.0,1.0098,1.9080121804660852,15.0,0.5190192798980242,7.861585032615372,63.02,103.62,3.79,2.4,50.0,4.330733340286331
Liu2017,10.1111/1750-3841.13710,Journal of Food Science,2017,Gelatin (HMWFG),120,acetic_acid/water,20:80_v/v,189.0,1.0098,1.9080121804660852,25.0,0.5190192798980242,13.10264172102562,63.02,103.62,3.79,2.4,50.0,5.241747015059643
Liu2017,10.1111/1750-3841.13710,Journal of Food Science,2017,Gelatin (HMWFG),120,acetic_acid/water,20:80_v/v,47.0,1.0098,1.9080121804660852,20.0,0.5190192798980242,10.482113376820497,63.02,103.62,3.79,3.0,50.0,3.8501476017100575
Liu2017,10.1111/1750-3841.13710,Journal of Food Science,2017,Gelatin (HMWFG),120,acetic_acid/water,20:80_v/v,52.0,1.0098,1.9080121804660852,15.0,0.5190192798980242,7.861585032615372,63.02,103.62,3.79,3.6,50.0,3.951243718581428
Liu2017,10.1111/1750-3841.13710,Journal of Food Science,2017,Gelatin (HMWFG),120,acetic_acid/water,20:80_v/v,44.0,1.0098,1.9080121804660852,20.0,0.5190192798980242,10.482113376820497,63.02,103.62,3.79,3.0,50.0,3.784189633918261
Liu2017,10.1111/1750-3841.13710,Journal of Food Science,2017,Gelatin (HMWFG),120,acetic_acid/water,20:80_v/v,113.0,1.0098,1.9080121804660852,25.0,0.5190192798980242,13.10264172102562,63.02,103.62,2.76,3.0,50.0,4.727387818712341
Garcia2024,10.1016/j.ceramint.2024.04.243,Ceramics International,2024,PVP,1300,ethanol,NR,385.0,0.789,0.4753731130134789,10.0,2.666173345198204,21.03610769361383,22.39,78.4,3.5,6.0,25.0,5.953243334287785
Garcia2024,10.1016/j.ceramint.2024.04.243,Ceramics International,2024,PVP,1300,ethanol,NR,485.0,0.789,0.4753731130134789,10.0,2.666173345198204,21.03610769361383,22.39,78.4,3.5,6.0,25.0,6.184148890937483
Vilches2019,10.1590/1980-5373-MR-2019-0158,Materials Research,2019,Gelatin,50,acetic_acid/water,80:20_v/v,751.0,1.0392,4.023502912694674,20.0,0.2391644039497095,4.970792971690763,36.080000000000005,114.48,2.0,8.1,21.0,6.621405651764134
Vilches2019,10.1590/1980-5373-MR-2019-0158,Materials Research,2019,Gelatin,50,acetic_acid/water,80:20_v/v,1195.0,1.0392,4.023502912694674,25.0,0.2391644039497095,6.213491214613454,36.080000000000005,114.48,2.0,8.1,21.0,7.085901464365611
Vilches2019,10.1590/1980-5373-MR-2019-0158,Materials Research,2019,Gelatin,50,acetic_acid/water,80:20_v/v,280.0,1.0392,4.023502912694674,15.0,0.2391644039497095,3.728094728768072,36.080000000000005,114.48,2.0,8.1,21.0,5.634789603169249
Miranda2020,10.3390/s20020417,Sensors,2020,PS,190,toluene,NR,511.0,0.867,2.0157881558801183,30.0,0.5721844004892431,14.882516256725211,28.52,110.6,1.0,7.0,15.0,6.236369590203704
Miranda2020,10.3390/s20020417,Sensors,2020,PS,190,toluene,NR,511.0,0.867,2.0157881558801183,30.0,0.5721844004892431,14.882516256725211,28.52,110.6,1.0,7.0,15.0,6.236369590203704
Miranda2020,10.3390/s20020417,Sensors,2020,PS,190,toluene,NR,511.0,0.867,2.0157881558801183,30.0,0.5721844004892431,14.882516256725211,28.52,110.6,1.0,7.0,15.0,6.236369590203704
Miranda2020,10.3390/s20020417,Sensors,2020,PS,190,toluene,NR,618.0,0.867,2.0157881558801183,30.0,0.5721844004892431,14.882516256725211,28.52,110.6,1.0,7.0,15.0,6.42648845745769
Deneff2019,10.1016/j.ces.2019.03.012,Chemical Engineering Science,2019,PS,192,ethyl_acetate,NR,590.0,0.902,1.922614460785605,10.0,0.5766353435508113,5.201250798828317,23.75,77.1,1.379,60.0,35.0,6.380122536899765
Deneff2019,10.1016/j.ces.2019.03.012,Chemical Engineering Science,2019,PS,192,ethyl_acetate,NR,1960.0,0.902,1.922614460785605,15.0,0.5766353435508113,7.801876198242476,23.75,77.1,1.379,60.0,35.0,7.580699752224563
Deneff2019,10.1016/j.ces.2019.03.012,Chemical Engineering Science,2019,PS,192,ethyl_acetate,NR,1080.0,0.902,1.922614460785605,12.5,0.5766353435508113,6.501563498535397,23.75,77.1,1.379,60.0,35.0,6.984716320118266
Deneff2019,10.1016/j.ces.2019.03.012,Chemical Engineering Science,2019,PS,192,ethyl_acetate,NR,2510.0,0.902,1.922614460785605,17.5,0.5766353435508113,9.102188897949556,23.75,77.1,1.379,60.0,35.0,7.828038032125829
Zhang2023_DSSBS,10.1007/s12274-022-5198-1,Nano Research,2023,PVP,360,ethanol,NR,295.9,0.789,1.167839635012036,8.0,1.0852749683627314,6.85025560030556,22.39,78.4,0.25,1.5,15.0,5.690021559406164
Zhang2023_DSSBS,10.1007/s12274-022-5198-1,Nano Research,2023,PA6,20,formic_acid,NR,119.1,1.22,1.0781697276221948,13.87,0.7602440600472555,12.86439383768363,37.67,100.8,0.5,0.15,10.0,4.779963476361254
Zhang2023_DSSBS,10.1007/s12274-022-5198-1,Nano Research,2023,PMMA,120,DMF,NR,366.2,0.944,1.887736052872633,20.0,0.5611600373295292,10.594701504781512,36.76,153.0,0.25,1.8,15.0,5.90317963224041
Ruiz2020,10.1016/j.eurpolymj.2019.109397,European Polymer Journal,2020,PVDF,275,DMF/acetone,10:90_v/v,350.0,0.8,1.331467128627649,10.0,0.9388140143485048,7.510512114788038,24.79,65.79,2.0,30.0,15.0,5.857933154483459
Ruiz2020,10.1016/j.eurpolymj.2019.109397,European Polymer Journal,2020,PVDF,275,DMF/acetone,10:90_v/v,350.0,0.8,1.331467128627649,10.0,0.9388140143485048,7.510512114788038,24.79,65.79,2.0,30.0,15.0,5.857933154483459
Ruiz2020,10.1016/j.eurpolymj.2019.109397,European Polymer Journal,2020,PVDF,275,DMF/acetone,10:90_v/v,350.0,0.8,1.331467128627649,10.0,0.9388140143485048,7.510512114788038,24.79,65.79,2.0,30.0,15.0,5.857933154483459
Ruiz2020,10.1016/j.eurpolymj.2019.109397,European Polymer Journal,2020,PVDF,275,DMF/acetone,10:90_v/v,350.0,0.8,1.331467128627649,10.0,0.9388140143485048,7.510512114788038,24.79,65.79,2.0,30.0,15.0,5.857933154483459
Ruiz2020,10.1016/j.eurpolymj.2019.109397,European Polymer Journal,2020,PVDF,275,DMF/acetone,10:90_v/v,350.0,0.8,1.331467128627649,10.0,0.9388140143485048,7.510512114788038,24.79,65.79,2.0,30.0,15.0,5.857933154483459
Ruiz2020,10.1016/j.eurpolymj.2019.109397,European Polymer Journal,2020,PVDF,275,DMF/acetone,10:90_v/v,350.0,0.8,1.331467128627649,10.0,0.9388140143485048,7.510512114788038,24.79,65.79,2.0,30.0,15.0,5.857933154483459
Ruiz2020,10.1016/j.eurpolymj.2019.109397,European Polymer Journal,2020,PVDF,275,DMF/acetone,10:90_v/v,350.0,0.8,1.331467128627649,10.0,0.9388140143485048,7.510512114788038,24.79,65.79,2.0,30.0,15.0,5.857933154483459
Claro2021,10.1021/acsami.1c06274,ACS Applied Materials & Interfaces,2021,CA,52,acetic_acid/formic_acid,2:1_v/v,524.0,1.106,2.6546171662395025,8.0,0.3405986910301096,3.013617218234409,30.62333333333333,112.33333333333331,2.0684,10.0,20.0,6.261491684321042
Claro2021,10.1021/acsami.1c06274,ACS Applied Materials & Interfaces,2021,CA,52,acetic_acid/formic_acid,2:1_v/v,314.0,1.106,2.6546171662395025,8.0,0.3405986910301096,3.013617218234409,30.62333333333333,112.33333333333331,2.0684,10.0,20.0,5.749392985908253
Claro2021,10.1021/acsami.1c06274,ACS Applied Materials & Interfaces,2021,CA,52,acetic_acid/formic_acid,2:1_v/v,345.0,1.106,2.6546171662395025,8.0,0.3405986910301096,3.013617218234409,30.62333333333333,112.33333333333331,2.0684,10.0,20.0,5.84354441703136
Dai2025,10.1021/acsami.4c23025,ACS Applied Materials & Interfaces,2025,PAN,150,DMF,NR,280.0,0.944,0.5719437095351859,10.0,1.8521438670235708,17.484238104702507,36.76,153.0,1.5,9.0,30.0,5.634789603169249
Dai2025,10.1021/acsami.4c23025,ACS Applied Materials & Interfaces,2025,PVDF,275,DMF/acetone,NR,240.0,0.864,1.2328399339144896,5.0,0.9388140143485048,4.05567654198554,30.11,104.55,1.5,9.0,30.0,5.480638923341991
Dai2025,10.1021/acsami.4c23025,ACS Applied Materials & Interfaces,2025,UHMWPE,1800,tetrahydronaphthalene/cyclohexanone,NR,950.0,0.9585,0.7035993664281016,0.8,1.4827995415077115,1.137010688428113,33.825,181.65,1.5,9.0,30.0,6.856461984594587
Dai2025,10.1021/acsami.4c23025,ACS Applied Materials & Interfaces,2025,PLA,75,DCM,NR,350.0,1.325,0.382466055794016,8.0,1.9732914063844191,20.91688890767484,27.84,39.6,1.5,9.0,30.0,5.857933154483459
Cai2022,10.1016/j.fhfh.2022.100062,Food Hydrocolloids for Health,2022,Gelatin,50,acetic_acid,NR,1258.0,1.049,3.985914420278651,12.5,0.2391644039497095,3.136043246790567,27.1,118.1,1.0,3.0,20.0,7.1372784372603855
Cai2022,10.1016/j.fhfh.2022.100062,Food Hydrocolloids for Health,2022,Gelatin,50,acetic_acid,NR,960.0,1.049,3.985914420278651,12.5,0.2391644039497095,3.136043246790567,27.1,118.1,1.0,3.0,20.0,6.866933284461882
Cai2022,10.1016/j.fhfh.2022.100062,Food Hydrocolloids for Health,2022,PCL,80,TFE,NR,285.0,1.393,0.7205198437900801,10.0,0.9963293806846708,13.878868272937464,21.08,74.0,1.0,3.0,20.0,5.652489180268651
Araujo2024,10.1016/j.ceramint.2024.07.437,Ceramics International,2024,PVP,1300,ethanol,NR,704.0,0.789,0.4753731130134789,10.0,2.666173345198204,21.03610769361383,22.39,78.4,1.379,4.5,45.0,6.556778356158042
Araujo2024,10.1016/j.ceramint.2024.07.437,Ceramics International,2024,PVP,1300,ethanol,NR,848.0,0.789,0.4753731130134789,10.0,2.666173345198204,21.03610769361383,22.39,78.4,1.379,4.5,45.0,6.742880635791903
Araujo2024,10.1016/j.ceramint.2024.07.437,Ceramics International,2024,PVP,1300,ethanol,NR,795.0,0.789,0.4753731130134789,10.0,2.666173345198204,21.03610769361383,22.39,78.4,1.379,4.5,45.0,6.678342114654332
Araujo2024,10.1016/j.ceramint.2024.07.437,Ceramics International,2024,PVP,1300,ethanol,NR,731.0,0.789,0.4753731130134789,10.0,2.666173345198204,21.03610769361383,22.39,78.4,1.379,4.5,45.0,6.594413459749778
Silva2019,10.1016/j.ijhydene.2019.04.073,International Journal of Hydrogen Energy,2019,PVP,1300,ethanol,NR,630.0,0.789,0.4753731130134789,8.7,2.666173345198204,18.301413693444029,22.39,78.4,4.1,2.5,60.0,6.4457198193855785
Silva2022,10.1002/app.52386,Journal_of_Applied_Polymer_Science,2022,PLA,66,DCE,NR,274.0,1.253,0.4440024369454254,10.0,1.7974779653413822,22.52239890572752,31.86,83.5,2.8,7.2,12.0,5.613128106388071
An2025,10.1016/j.ceramint.2025.09.416,Ceramics_International,2025,PEO,300,methanol,NR,1500.0,0.791,0.5404542356088966,1.0,2.3391851147881826,1.850295425797452,22.5,64.7,0.3,3.0,30.0,7.313220387090301
An2025,10.1016/j.ceramint.2025.09.416,Ceramics_International,2025,PEO,300,methanol,NR,1600.0,0.791,0.5404542356088966,1.0,2.3391851147881826,1.850295425797452,22.5,64.7,0.3,3.0,30.0,7.377758908227872
An2025,10.1016/j.ceramint.2025.09.416,Ceramics_International,2025,PEO,300,methanol,NR,1500.0,0.791,0.5404542356088966,1.0,2.3391851147881826,1.850295425797452,22.5,64.7,0.3,3.0,30.0,7.313220387090301
An2025,10.1016/j.ceramint.2025.09.416,Ceramics_International,2025,PEO,300,methanol,NR,1500.0,0.791,0.5404542356088966,1.0,2.3391851147881826,1.850295425797452,22.5,64.7,0.3,3.0,30.0,7.313220387090301
BilbaoSainz2014,10.1016/j.eurpolymj.2014.02.004,European Polymer Journal,2014,PLA,75,TFE,NR,101.0,1.393,0.3637957817136189,10.0,1.9732914063844191,27.48794929093496,21.08,74.0,5.5158,0.9,20.0,4.61512051684126
BilbaoSainz2014,10.1016/j.eurpolymj.2014.02.004,European Polymer Journal,2014,PLA,75,chloroform/acetone,80:20,178.0,1.348,0.3759402996491625,10.0,1.9732914063844191,26.599968158061973,26.404000000000003,60.18000000000001,5.5158,0.9,20.0,5.181783550292085
BilbaoSainz2014,10.1016/j.eurpolymj.2014.02.004,European Polymer Journal,2014,PLA,75,chloroform/acetone,80:20,293.0,1.348,0.3759402996491625,10.0,1.9732914063844191,26.599968158061973,26.404000000000003,60.18000000000001,5.5158,0.9,20.0,5.680172609017068
BilbaoSainz2014,10.1016/j.eurpolymj.2014.02.004,European Polymer Journal,2014,PLA,75,TFE,NR,197.0,1.393,0.3637957817136189,10.0,1.9732914063844191,27.48794929093496,21.08,74.0,5.5158,0.9,20.0,5.2832037287379885
Padovani2024,10.1002/app.54761,Journal of Applied Polymer Science,2024,PVDF,275,DMF,NR,1835.0,0.944,1.1283619734132618,17.5,0.9388140143485048,15.509207517037298,36.76,153.0,1.4,4.56,22.0,7.51479976048867
Padovani2024,10.1002/app.54761,Journal of Applied Polymer Science,2024,PVDF,275,DMF,NR,629.0,0.944,1.1283619734132618,17.5,0.9388140143485048,15.509207517037298,36.76,153.0,1.4,4.56,22.0,6.444131256700441
Padovani2024,10.1002/app.54761,Journal of Applied Polymer Science,2024,PVDF,275,DMF,NR,419.0,0.944,1.1283619734132618,17.5,0.9388140143485048,15.509207517037298,36.76,153.0,1.4,4.56,22.0,6.037870919922137
Padovani2024,10.1002/app.54761,Journal of Applied Polymer Science,2024,PVDF,275,DMF,NR,412.0,0.944,1.1283619734132618,17.5,0.9388140143485048,15.509207517037298,36.76,153.0,1.4,4.56,22.0,6.021023349349527
Padovani2024,10.1002/app.54761,Journal of Applied Polymer Science,2024,PVDF,275,DMF,NR,615.0,0.944,1.1283619734132618,17.5,0.9388140143485048,15.509207517037298,36.76,153.0,1.4,4.56,22.0,6.421622267806518
Padovani2024,10.1002/app.54761,Journal of Applied Polymer Science,2024,PVDF,275,DMF,NR,574.0,0.944,1.1283619734132618,17.5,0.9388140143485048,15.509207517037298,36.76,153.0,1.4,4.56,22.0,6.352629396319567
